dish_id,name,description,price,restaurant_id
0,Apple Turnover,No description,$0.85,0
1,BOGO Whopper,No description,$10.38,0
2,NEW! Mushroom & Swiss Whopper Melt Meal,No description,$17.14,0
3,NEW! Bacon Whopper Melt Meal,No description,$18.18,0
4,NEW! Classic Whopper Melt Meal,No description,$16.88,0
5,NEW! Double Classic Whopper Melt Meal,No description,$18.18,0
6,NEW! Cotton Candy Shake,No description,$6.89,0
7,NEW! Cotton Candy BK Blast,No description,$4.59,0
8,Family Bundle For 3 with King Jr. Meal,No description,$24.99,0
9,Value Bundle For 4,No description,$29.99,0
10,Bacon Cheeseburger,No description,$4.14,0
11,WHOPPER with Cheese Meal,No description,$17.14,0
12,WHOPPER,No description,$10.38,0
13,Bacon King Meal,No description,$21.04,0
14,WHOPPER Meal,No description,$15.84,0
15,WHOPPER with Cheese,No description,$11.68,0
16,Bacon King,No description,$15.58,0
17,Roadhouse King Meal,No description,$21.04,0
18,Double WHOPPER with Cheese Meal,No description,$19.74,0
19,Impossible Whopper,No description,$10.38,0
0,Fresh Start,No description,$15.00,1
1,Granola on Yogurt,No description,$13.95,1
2,Acai Bowl,No description,$16.00,1
3,Mount Royal Bagel and Smoked Salmon,No description,$16.00,1
4,Straight Eggs,No description,$18.00,1
5,Omelette,No description,$21.00,1
6,Breakfast Tacos,No description,$21.50,1
7,Mexican Eggs,No description,$22.00,1
8,Breakfast Poutine,No description,$22.00,1
9,Huevos Rancheros,No description,$20.50,1
10,Arancini Benny,No description,$19.00,1
11,Fried Chicken Benny,No description,$21.00,1
12,House-Made Sausage Benny,No description,$21.00,1
13,Mexi Benny,No description,$21.00,1
14,Salmon Benny,No description,$21.50,1
15,The Canadian Benny,No description,$21.00,1
16,Veggie Benny,No description,$21.00,1
17,Brisket Benny,No description,$22.00,1
18,Beef Brisket Hash,No description,$23.00,1
19,Rotisserie Chicken Hash,No description,$22.50,1
0,#16 Tandoori Twist,No description,$9.31,2
1,#17 Cuban Crunch,No description,$10.01,2
2,#18 Nashville-Style Hot Chicken,No description,$10.60,2
3,#19 Chimichurri Steak & Cheese,No description,$11.78,2
4,#20 Little Sicily,No description,$10.13,2
5,#21 Tandoori- Spiced Mozza,No description,$8.48,2
6,#22 The Big Veggie,No description,$9.78,2
7,#2 Great Canadian Club,No description,$10.25,2
8,#23 Mozzarella Melt,No description,$8.48,2
9,#24 Chimichurri Veggie,No description,$9.42,2
10,#25 Shawarma Chicken,No description,$14.62,2
11,#25 Shawarma Chicken,No description,$14.62,2
12,Jerk-Spiced Chicken,No description,$13.55,2
13,Jerk-Spiced Chicken,No description,$13.55,2
14,#5 Chicken Rancher,No description,$11.08,2
15,#1 Canuck Classic,No description,$9.19,2
16,#8 Steak'n Bacon,No description,$11.78,2
17,#3 Turkey Rancher,No description,$10.49,2
18,#6 Teriyaki Crunch,No description,$10.37,2
19,#9 Stampede Brisket,No description,$12.49,2
0,Boomer Bowl,No description,$19.25,4
1,Stuffed French Toast,No description,$16.95,4
2,Happy Campers Breakfast,No description,$17.25,4
3,Kiss My Grits Benny (1/2),No description,$14.50,4
4,Veggie Hash,No description,$16.95,4
5,Veggie Kiss My Grits (1/2),No description,$14.50,4
6,King of the Road,No description,$20.45,4
7,Nashville Chicken,No description,$18.25,4
8,Southern Comfort,No description,$15.50,4
9,Nitty Gritty Scrambled,No description,$15.75,4
10,Hurricane Alley,No description,$17.95,4
11,Mind Your Biscuit and Eggs,No description,$15.75,4
12,Mind Your Biscuit,No description,$12.75,4
13,Biscuit Benny (Half),No description,$14.25,4
14,Trailer Jam,No description,$5.75,4
15,Son of a Biscuit Egger,No description,$11.75,4
16,B.L.A.T,No description,$13.25,4
17,Avocado & Veggie Melt,No description,$15.95,4
18,Avocado Biscuit,No description,$15.95,4
19,Memphis Chicken Biscuit,No description,$19.95,4
0,The Originator Sandwich,No description,$8.95,6
1,Boss Hog Sandwich,No description,$9.50,6
2,B.L.A.S.T. Sandwich,No description,$9.95,6
3,Big Mac Drip Sandwich,No description,$13.75,6
4,The Bigness Sandwich,No description,$13.75,6
5,TWO- BRO Sandwich,No description,$13.75,6
6,Hungry Pilgrim Sandwich,No description,$10.00,6
7,The Foghorn,No description,$10.25,6
8,Veginator Sandwich,No description,$8.95,6
9,Ham Club Sandwich,No description,$13.75,6
10,Angry Bird Sandwich,No description,$11.95,6
11,Veggie Club,No description,$11.75,6
12,Veggie B.L.A.S.T,No description,$9.50,6
13,Chipotle Chicken Sandwich,No description,$11.00,6
14,Chicken B.L.A.T. Sandwich,No description,$11.95,6
15,Turkey Club Sandwich,No description,$13.75,6
16,The Boring Tuna Sandwich,No description,$10.95,6
17,Brass Monkey Sandwich,No description,$7.50,6
18,Dake Fate Sandwich,No description,$12.95,6
19,Hot Hammy Sandwich,No description,$9.75,6
0,Cafe Latte,No description,$6.20,7
1,Coffee,No description,$3.25,7
2,Mocha Latte,No description,$6.50,7
3,Cappuccino,No description,$5.85,7
4,Americano,No description,$4.55,7
5,Soy Latte,No description,$6.85,7
6,Almond Latte,No description,$6.85,7
7,Espresso,No description,$3.55,7
8,Vanilla London Fog,No description,$7.15,7
9,Orange Pekoe Teas,No description,$3.25,7
10,Green Teas,No description,$3.25,7
11,Chai Latte,No description,$6.20,7
12,Earl Grey,No description,$3.25,7
13,Peppermint London Fog,No description,$7.15,7
14,Green Tea Matcha Latte,No description,$6.85,7
15,Iced Cap,No description,$7.15,7
16,Iced Americano,No description,$6.50,7
17,Mocha Frappe,No description,$7.15,7
18,Iced London Fog,No description,$7.15,7
19,Iced Chai Latte,No description,$7.15,7
0,Traditional Tiramisu,No description,$6.39,9
1,New York Cheesecake,No description,$8.50,9
2,Ham + Cheese Croissant Sandwich,No description,$8.50,9
3,Garlic Sausage Croissant,No description,$9.69,9
4,Turkey /Egg Breakfast Croissant Sandwich,No description,$10.99,9
5,Bacon/ Kimchi Egg Croissant,No description,$10.99,9
6,Almond Croissant,No description,$7.09,9
7,Lemon Tart,No description,$5.81,9
8,Blueberry Muffin,No description,$3.69,9
9,Double Chocolate Muffin,No description,$3.95,9
10,Apple Crumble Muffin,No description,$3.69,9
11,PeanutButter Muffin,No description,$3.95,9
12,Iced London Fog,No description,$7.26,9
13,Italian Soda,No description,$3.68,9
14,Iced Peaflower Latte,No description,$7.38,9
15,Iced Chai Latte,No description,$7.26,9
16,Iced Latte,No description,$7.38,9
17,Iced Mocha,No description,$8.05,9
18,Iced strawberry latte,No description,$8.05,9
19,Iced White Mocha,No description,$8.05,9
0,puppy treats! peanut butter & banana,No description,$0.00,10
1,sausage & pesto breakfast sandwich,No description,$11.50,10
2,b.e.l.t deluxe,No description,$13.50,10
3,cbc breakfast sandwich,No description,$11.50,10
4,Bacon Egg tomato Breakfast Wrap,No description,$13.80,10
5,Cheezy breakfast sandwich,No description,$9.50,10
6,Maple Breakfast Wrap,No description,$13.80,10
7,taco breakfast wrap (1/2 lb),No description,$14.80,10
8,b.e.l.t,No description,$12.00,10
9,Maple breakfast sandwich,No description,$11.50,10
10,chick'n fiesta breakfast wrap (1/2 lb),No description,$14.80,10
11,"sausage, egg & cheeze bagel",No description,$13.50,10
12,S.E.L.T,No description,$13.50,10
13,Chick'n Clubhouse Sandwich,No description,$14.00,10
14,ciabatta  sandwich grilled,No description,$14.00,10
15,B.L.T,No description,$12.50,10
16,big mac crunch wrap,No description,$16.50,10
17,chick'n crunch wrap super,No description,$15.50,10
18,dynamite chick'n crunch wrap,No description,$16.50,10
19,crunch wrap super (taco),No description,$15.50,10
0,Good Morning Breakfast,No description,$14.99,11
1,Full Breakfast,No description,$19.99,11
2,Omelet,No description,$14.99,11
3,Skillet Melt,No description,$20.99,11
4,French Toast (2 pcs),No description,$15.99,11
5,Low-Carb Breakfast,No description,$14.49,11
6,Homemade Pancakes (2 pcs),No description,$15.99,11
7,Bagel with Cream Cheese and Fruit Bowl,No description,$14.49,11
8,Breakfast Sandwich,No description,$14.49,11
9,"Two Eggs, Toast (2 pcs), Jam, and Hash Browns",No description,$9.99,11
10,French Toast (2 pcs) and Hash Browns,No description,$10.49,11
11,French Toast (2 pcs) with Yogurt and Fresh Fruit,No description,$17.99,11
12,Hashbrown Cheese Melt,No description,$9.49,11
13,French Toast (2 pcs),No description,$7.49,11
14,Hash Browns,No description,$5.49,11
15,French Fries,No description,$5.49,11
16,Ham (1 pc),No description,$5.49,11
17,Bacon (3 pcs),No description,$5.49,11
18,Sausage (3 pcs),No description,$5.49,11
19,Pancakes (2 pcs),No description,$8.49,11
0,Traditional Breakfast with Toast and Hashbrowns,No description,$18.95,13
1,Famous Montreal-Smoked Meat Benny,No description,$21.95,13
2,Avocado and Tomato Benny,No description,$20.95,13
3,Classic Benny,No description,$21.95,13
4,Chicken and Waffle,No description,$20.95,13
5,Bacon and Waffle,No description,$19.95,13
6,Meat Lovers' Omelet,No description,$23.95,13
7,BSD Omelet,No description,$21.95,13
8,Veggie Omelet,No description,$20.95,13
9,Chelsea Omelet,No description,$21.95,13
10,Ham Omelet,No description,$21.95,13
11,Reuben,No description,$17.95,13
12,Famous Montreal Smoked Meat Combo (Regular Size),No description,$20.95,13
13,Famous Montreal Smoked Meat Combo (Super Size),No description,$22.95,13
14,Turkey Clubhouse with Fries,No description,$20.95,13
15,Crispy Chicken Tenders with Fries,No description,$19.95,13
16,Vietnamese Baguette-Banh Mi,No description,$13.95,13
17,Original Poutine,No description,$16.95,13
18,Grilled Chicken Vermicelli with Spring Rolls,No description,$19.95,13
19,Original Poutine with Meat,No description,$20.95,13
0,Honey BBQ Saucy Chicken Strips (Cals: 460),No description,$10.28,14
1,Buffalo Saucy Chicken Strips (Cals: 420),No description,$10.28,14
2,Honey BBQ Saucy Chicken Strips Combo,No description,Priced by add-ons,14
3,Dave's Double® with Cheese (Cals: 860),No description,$10.40,14
4,Bacon Deluxe 1/4 lb* Single with Cheese (Cals: 650),No description,$9.47,14
5,Bacon Deluxe 1/2 lb* Double with Cheese (Cals: 920),No description,$11.57,14
6,Jr. Hamburger Deluxe (Cals: 360),No description,$2.09,14
7,Bacon Deluxe 3/4 lb* Triple with Cheese (Cals: 1220),No description,$14.26,14
8,Dave's Single® with Cheese (Cals: 590),No description,$8.30,14
9,Dave's Triple® with Cheese (Cals: 1170),No description,$13.09,14
10,Baconator® with Cheese (Cals: 970),No description,$12.74,14
11,Son of Baconator® with Cheese (Cals: 670),No description,$8.53,14
12,Double Stack (Cals: 440),No description,$4.08,14
13,Double Jr. Bacon Cheeseburger (Cals: 530),No description,$4.08,14
14,Jr. Cheeseburger Deluxe (Cals: 360),No description,$2.91,14
15,Jr. Bacon Cheeseburger (Cals: 390),No description,$2.91,14
16,Cheesy Cheddar Burger (Cals: 320),No description,$2.33,14
17,6-Piece Crispy Chicken Nuggets (Cals: 190),No description,$4.08,14
18,10-Piece Crispy Chicken Nuggets (Cals: 410),No description,$8.88,14
19,Spicy Chicken Wrap Duo (Cals: 720),No description,$7.83,14
0,NOURISH BOWL,No description,$16.55,15
1,BUILD A SALAD BOWL,No description,Priced by add-ons,15
2,MARKET BOWL,No description,$19.00,15
3,EVERYDAY BOWL,No description,$14.10,15
4,"THAI VEGGIE HOT BOWL (GF,V,NF)",No description,$16.55,15
5,TURKEY CHILLI HOT BOWL (GF),No description,$17.80,15
6,MOROCCAN CHICKPEA HOT BOWL,No description,$16.55,15
7,BRAISED BEEF + VEGGIE HOT BOWL,No description,$19.00,15
8,AVOCADO & CHICKEN BAGUETTE,No description,$16.85,15
9,ROAST CHICKEN SANDWICH (NF),No description,$16.85,15
10,CLASSIC MEATBALL BAGUETTE,No description,$16.85,15
11,HALF ROAST CHICKEN SANDWICH (NF),No description,$8.90,15
12,TOFU QUINOA WRAP (V),No description,$14.70,15
13,HALF AVO CHICKEN BAGUETTE,No description,$8.90,15
14,HALF MEATBALL BAGUETTE,No description,$8.90,15
15,FULL SANDWICH OR WRAP & CUP OF SOUP,No description,$20.85,15
16,HALF SANDWICH & BOWL OF SOUP,No description,$16.85,15
17,HALF SANDWICH & CUP OF SOUP,No description,$14.10,15
18,MUSHROOM DITALINI (NF),No description,$6.15,15
19,CLASSIC KALE CAESAR,No description,$6.15,15
0,Croissant-Ham & Cheese,No description,$5.00,16
1,Cinnamon Bun-Mini (6 pk),No description,$9.50,16
2,Croissant-Chocolate,No description,$5.00,16
3,Danish-Raspberry & Custard,No description,$4.25,16
4,Danish-Wild Blueberry Custard,No description,$4.25,16
5,Tart-Butter,No description,$2.75,16
6,White Dinner Roll,No description,$0.75,16
7,Gourmet Hamburger Bun,No description,$1.25,16
8,Gourmet Hot Dog Bun,No description,$1.25,16
9,Whole Wheat Bun,No description,$1.00,16
10,White Loaf,No description,$5.25,16
11,Whole Wheat Loaf,No description,$5.25,16
12,Sour Dough-Sunflower Flax Loaf,No description,$7.50,16
13,Pullapart-Cheese,No description,$10.00,16
14,Turkish Bread-Italian Herb,No description,$6.50,16
0,ADD CUTLERY,No description,Priced by add-ons,17
1,SWEET & SMOKY BLT & E,No description,$21.59,17
2,6 PANCAKE PUPPIES,No description,$5.99,17
3,BACON OBSESSION BURGER,No description,$23.39,17
4,10 PANCAKE PUPPIES,No description,$7.79,17
5,SWEET CREAM COLD BREW,No description,$5.27,17
6,STRAWBERRY LEMONADE,No description,$5.87,17
7,LUMBERJACK COMBO FOR ONE,No description,$25.59,17
8,BYO BREAKFAST FOR TWO,No description,$40.99,17
9,"BURGER, SHAKE AND LAVA COOKIE SKILLET FOR ONE",No description,$29.99,17
10,"BURGER, SHAKE AND LAVA COOKIE SKILLET FOR TWO",No description,$55.99,17
11,MILK SHAKES,No description,$8.75,17
12,COFFEE,No description,$4.55,17
13,SOFT DRINK,No description,$4.91,17
14,HOT CHOCOLATE,No description,$5.39,17
15,SMOOTHIES,No description,$7.79,17
16,JUICE,No description,$5.75,17
17,LEMONADE,No description,$4.91,17
18,MILK,No description,$5.75,17
19,ICED TEA,No description,$4.91,17
0,Daily Hot Sando,No description,$26.00,18
1,Today's Fresh Salad,No description,$26.00,18
2,Daily Quiche,No description,$14.00,18
3,Aussie Style Pie,No description,$15.00,18
4,Fries,No description,$13.50,18
5,White Sourdough Boule (sliced or unsliced),No description,$9.35,18
6,Four Grain Sourdough Boule (sliced or unsliced),No description,$9.35,18
7,Phillips Sodas,No description,$4.70,18
8,2 x Salted Chocolate Chunk Cookies,No description,$8.70,18
9,Berry Muffin,No description,$5.70,18
10,2 x Chocolate Peanut `Brownies,No description,$12.00,18
11,2 x Cosmo Cookies,No description,$8.70,18
12,2 x Oatmeal Tornado Cookies,No description,$8.70,18
13,Tombo Slice,No description,$6.65,18
14,Passion Fruit Yuzu Brulee,No description,$6.65,18
0,Big Bad Breakfast Sandwich *updated*,No description,$12.75,20
1,"""The Western"" Scrambler",No description,$16.25,20
2,Buttermilk Pancakes,No description,$13.25,20
3,Pancakes N’ Fried ChickUN,No description,$17.25,20
4,Jackfruit Scrambler,No description,$16.25,20
5,Fire Burger,No description,$17.25,20
6,Buffalo ChickUN Burger,No description,$18.00,20
7,Big Mac-Daddy Burger,No description,$18.25,20
8,Cheese Burger,No description,$16.75,20
9,“Honey” Mustard Chickun Burger,No description,$18.00,20
10,BBQ Plant Burger,No description,$15.25,20
11,Bacun Crafty Mac,No description,$13.25,20
12,Big Mac a Crafty Mac,No description,$15.50,20
13,GLUTEN FREE Bacun Crafty Mac,No description,$13.75,20
14,(SIDE) Vegan Fried ChickUn,No description,$6.75,20
15,(SIDE) Garlic Aioli,No description,$1.25,20
16,LARGE Caesar Salad,No description,$13.00,20
17,Fried Chickun Caesar Salad,No description,$18.25,20
18,Classic Poutine,No description,$14.75,20
19,Side Poutine,No description,$7.75,20
0,Coconut Water (310 mL),No description,$3.00,21
1,Sparkmouth Soda Water,No description,$3.00,21
2,Phillips Cane Sugar Sodas,No description,$3.50,21
3,Decaf 12oz Bag,No description,$22.00,21
4,Hudson 12oz bag,No description,$20.00,21
5,Espresso 12oz Bag,No description,$20.00,21
6,Single Origin 12oz Bag,No description,$24.00,21
7,Cafe Latte,No description,$4.85,21
8,Mocha,No description,$5.50,21
9,Americano Misto,No description,$4.05,21
10,Brewed Coffee,No description,$2.60,21
11,Cappuccino,No description,$4.85,21
12,Americano,No description,$3.00,21
13,Mylk,No description,$0.96,21
14,Traditional Macchiato,No description,$3.57,21
15,Too Hot To Handle,No description,$5.50,21
16,Africano,No description,$4.75,21
17,Cortado,No description,$4.75,21
18,Flavour Shot,No description,$0.96,21
19,Espresso,No description,$3.10,21
0,Would you like to add cutlery?,No description,Priced by add-ons,22
1,Southwest Chicken Tacos,No description,$20.69,22
2,BBQ Chicken Flatbread,No description,$21.89,22
3,Chicken & Brie Salad,No description,$22.99,22
4,Hummus & Tzatziki Dip,No description,$13.29,22
5,Chicken & Smashed Avocado Burger,No description,$25.29,22
6,Granville Island English Bay Pale Ale,No description,Sold out,22
7,Granville Island Brewing Island Lager,No description,Sold out,22
8,Red Racer Street Legal Pilsner,No description,Sold out,22
9,"Sauvignon Blanc, Jackson-Triggs (750ml)",No description,Sold out,22
10,"Pinot Grigio, Inniskillin Okanagan Estate (750ml)",No description,Sold out,22
11,"Chardonnay, Red Rooster (750ml)",No description,Sold out,22
12,"Pinot Gris, Gray Monk Estate Winery (750ml)",No description,Sold out,22
13,"Rosé, Saintly (750ml)",No description,Sold out,22
14,"Merlot, Jackson-Triggs (750ml)",No description,Sold out,22
15,"Pinot Noir, Inniskillin Okanagan Estate (750ml)",No description,Sold out,22
16,"Cabernet Sauvignon, Inniskillin (750ml)",No description,Sold out,22
17,"Cabernet Merlot, Sandhill (750ml)",No description,Sold out,22
18,Lonetree Cider,No description,Sold out,22
19,White Claw Lime,No description,Sold out,22
0,Pork Bites,No description,$10.99,23
1,Bistro Smokey Calamari,No description,$12.99,23
2,Chicken Wings,No description,$13.99,23
3,Organic Yam Fries,No description,$9.99,23
4,Pakoras,No description,$9.99,23
5,Hand Cuts Fries,No description,$7.99,23
6,Pita and Humus,No description,$10.99,23
7,Caesar Salad,No description,$11.99,23
8,Cobb Salad,No description,$15.99,23
9,Bistro Salad,No description,$10.99,23
10,Spinach Salad,No description,$14.99,23
11,BBQ Cheddar Bacon Burger,No description,$16.99,23
12,Grilled Chicken Clubhouse,No description,$16.99,23
13,Bistro Simply Grilled Burger,No description,$14.99,23
14,Buffalo Burger,No description,$16.99,23
15,Grilled Cheese,No description,$12.99,23
16,Baa-Baa-Burger,No description,$16.99,23
17,Black Bean and Quinoa Veggie Burger,No description,$14.99,23
18,The Big Wave,No description,$17.99,23
19,Grilled Chicken Burger,No description,$15.99,23
0,Car / Truck  Air Freshener,No description,$5.00,24
1,Car / Truck  Air Freshener,No description,$5.00,24
2,Dole Whip - Half Pint,No description,$8.00,24
3,Reuben Dog,No description,$11.00,24
4,Mac & Cheese Dog,No description,$9.50,24
5,The Portland,No description,$10.75,24
6,The Seattle,No description,$10.00,24
7,Meat Lovers Pizza Dog,No description,$10.50,24
8,Hawaiian Pizza Dog,No description,$9.50,24
9,Pizza Dog,No description,$9.50,24
10,All Beef Bistro Dog,No description,$9.00,24
11,Bistro Premium Veggie Dog,No description,$10.00,24
12,Chili Cheese Dog,No description,$9.75,24
13,Kids Hot Dog,No description,$6.50,24
14,Supreme Pizza Dog,No description,$10.00,24
15,Chicken Parm Dog,No description,$9.00,24
16,Classic Smokie with Cheese,No description,$11.50,24
17,Coney Island Steamer,No description,$7.00,24
18,Chili Dog,No description,$9.00,24
19,All Beef Premium Hotdog,No description,$7.00,24
0,Pineapple Express (Pork Burger),No description,$19.00,26
1,Loaded,No description,$22.00,26
2,Smashed Hash,No description,$15.00,26
3,The Wake n' Bacon,No description,$17.50,26
4,Bom Dia Acai Smoothie Bowl,No description,$17.00,26
5,The Best Dream,No description,$11.50,26
6,Sausage Party,No description,$17.50,26
7,The Pleaser (vegan friendly),No description,$15.00,26
8,Sausage Hash,No description,$20.50,26
9,The Notorious V.E.G Hash,No description,$21.00,26
10,Peanut Butter Bowl,No description,$17.00,26
11,Side Lrg Smashbrowns,No description,$8.50,26
12,B.B.L.T,No description,$16.50,26
13,The Daily Double,No description,$15.00,26
14,Club in a Bun,No description,$18.00,26
15,Easy Brie-zy,No description,$17.50,26
16,The Blue Oyster Cult,No description,$19.50,26
17,Rise & Shine Bowl,No description,$11.00,26
18,Jumbo Cookie,No description,$5.50,26
19,Morning Muffin,No description,$4.00,26
0,Vegan Breakfast Sandwich,No description,$14.00,29
1,Vegan Breakfast Burrito,No description,$16.50,29
2,Breakfast Sandwich,No description,$14.00,29
3,Hoisin Tofu Kimchi Wrap,No description,$17.20,29
4,Vegan Caesar Salad,No description,$7.00,29
5,Veggie Wrap,No description,$12.80,29
6,Vegan Burger,No description,$14.00,29
7,Green Salad,No description,$7.00,29
8,Vegan Cinnamon Bun,No description,$6.00,29
9,Vegan Brownie,No description,$5.40,29
10,Lemon Bar,No description,$5.40,29
11,Energy Balls,No description,$3.60,29
12,Latte,No description,$5.82,29
13,Lavender London Fog,No description,$6.90,29
14,Chai Latte,No description,$5.82,29
15,Moon Milk,No description,$5.82,29
16,Red Velvet Mocha,No description,$6.72,29
17,Matcha Latte,No description,$7.20,29
18,Tea Latte,No description,$5.82,29
19,Americano,No description,$4.02,29
0,Classic with Icing Sugar,No description,$14.11,30
1,PK Brown Sugar,No description,$18.48,30
2,PK Genuine Maple Syrup,No description,$18.48,30
3,PK Ginger,No description,$18.48,30
4,PK Lemon,No description,$18.48,30
5,"PK Apple, Sugar & Cinnamon",No description,$18.48,30
6,PK Banana,No description,$18.48,30
7,PK Fruit Topping,No description,$18.48,30
8,PK Chocolate Hail,No description,$18.48,30
9,PK Nutella,No description,$18.48,30
10,PK Strawberry,No description,$18.48,30
11,"#11 Banana, Strawberry, and Whip Pannekoek",No description,$22.51,30
12,#12 Mixed Fresh Fruit and Whip Pannekoek,No description,$22.51,30
13,#15 Fruit Topping Cheesecake Pannekoek,No description,$22.85,30
14,"#16 Chocolate, Strawberry, and Whip Pannekoek",No description,$22.51,30
15,#20 Peach Melba and Whip Pannekoek,No description,$22.51,30
16,"#5 Fresh Apple, Onion, and DeBakon with Stroop Pannekoek",No description,$22.51,30
17,#6 Banana and Walnut Pannekoek,No description,$25.20,30
18,Classic Pannekoek,No description,$14.11,30
19,PK Cheese,No description,$18.81,30
0,Single Slice Egg Pie,No description,$7.50,31
1,Lomi,No description,$17.95,31
2,Ben's Best Lumpia,No description,$11.95,31
3,Crispy Pork Kare-Kare,No description,$23.95,31
4,Ben's Best Pork Sisig,No description,$21.95,31
5,Pansit Bihon,No description,$18.95,31
6,Pork Lechon Paksiw,No description,$24.95,31
7,Ben's Best Crunchy Tuna Sisig,No description,$21.95,31
8,Creamy Carbonara,No description,$17.25,31
9,Beef Kaldereta,No description,$26.95,31
10,Crispy Pork Kare-Kare with plain Rice,No description,$24.95,31
11,Lechon Paksiw with Plain Rice,No description,$25.95,31
12,Bens Best Pork Sisig w/ plain rice,No description,$22.95,31
13,Tuna Sisig with Plain Rice,No description,$22.95,31
14,Bens Best Lumpia With Plain Rice,No description,$12.95,31
15,Beef Kaldereta With Plain Rice,No description,$27.95,31
16,Pinoy Chopsuey,No description,$14.95,31
17,Halo-Halo Royale,No description,$13.95,31
18,Sago Gulaman,No description,$7.95,31
19,Pork Sisig Silog,No description,$17.95,31
0,Sweet Scone,No description,$5.99,32
1,Seasonal Fruit Tart,No description,$7.00,32
2,Muffin Du Jour,No description,$4.00,32
3,Vegan Savoury Roll,No description,$5.50,32
4,Bag of Granola (500g) GF,No description,$18.00,32
5,Savoury Cornbread Muffin (GF/V),No description,$5.15,32
6,Egg Sandwich,No description,$12.00,32
7,Latte,No description,$4.75,32
8,Hazelnut Latte,No description,$5.55,32
9,Pumpkin Spice Latte,No description,$5.55,32
10,Cappuccino,No description,$4.75,32
11,White Chocolate Latte,No description,$5.55,32
12,Americano,No description,$4.25,32
13,Vanilla Latte,No description,$5.55,32
14,Eggnog Latte,No description,$5.75,32
15,Hot Chocolate,No description,$5.75,32
16,Chocolate Hug Tea Latte,No description,$5.50,32
17,Peach Tea Latte,No description,$5.75,32
18,Flat White,No description,$4.75,32
19,Espresso,No description,$4.25,32
0,Avocado Toast (GF Option),No description,$14.99,33
1,Salmon Bagel (GF option),No description,$16.99,33
2,Grilled Cheese W/ Soup,No description,$14.75,33
3,Vegan Breakfast Wrap (GF Option),No description,$16.50,33
4,Cheesy Nachos,No description,$16.50,33
5,Fish & Chips,No description,$18.99,33
6,Charcuterie,No description,$23.75,33
7,Chips,No description,$9.00,33
8,Chicken Panini,No description,$10.99,33
9,Yogurt Parfait,No description,$6.99,33
10,C.O.P Salad (GF Option),No description,$13.99,33
11,Tab Sandwich,No description,$10.99,33
12,Overnight Oat,No description,$6.99,33
13,Egg Sandwich,No description,$5.99,33
14,Brioche (Ensaimada),No description,$6.25,33
15,Banana Loaf,No description,$2.50,33
16,Vegan Caramel Apple,No description,$6.50,33
17,Gf Pastries,No description,$4.99,33
18,Pain au Chocolat,No description,$5.99,33
19,Orange Bundt,No description,$7.50,33
0,Number of Wood Cutlery Packages,No description,$0.25,34
1,Include Napkins,No description,$0.00,34
2,Jalapeno Cheddar Bagel Sandwich,No description,$9.00,34
3,Veggie Breakfast Sandwich,No description,$8.50,34
4,Breaky Sandwich,No description,$9.25,34
5,Benny Wrap,No description,$14.50,34
6,Mexican Chorizo Wrap,No description,$14.50,34
7,Bacon Wrap,No description,$13.75,34
8,Veggie Breakfast Wrap,No description,$12.50,34
9,Pesto Benny Wrap,No description,$14.50,34
10,Turkey Croissant Sandwich,No description,$10.95,34
11,Ham Croissant Sandwich,No description,$10.95,34
12,Cubano Sandwich,No description,$14.00,34
13,Turkey Bacon Melt,No description,$14.00,34
14,Chicken Caesar Salad,No description,$14.50,34
15,Turkey Bacon Guacamole Wrap,No description,$14.75,34
16,Chicken Caesar Wrap,No description,$14.50,34
17,Chicken Burrito,No description,$13.75,34
18,Beef Burrito,No description,$13.75,34
19,Chipotle Chicken Wrap,No description,$13.75,34
0,Bacon Breakfast Bagel,No description,$8.25,35
1,Egg Salad Sandwich,No description,$9.15,35
2,English Muffin Eggwich,No description,$6.95,35
3,Ham Breakfast Bagel,No description,$8.15,35
4,Butter Chicken Wrap,No description,$12.10,35
5,Lumberjack Wrap,No description,$9.20,35
6,Protein Power Wrap,No description,$9.60,35
7,Veggie Wrap,No description,$9.60,35
8,Veggie Samosa,No description,$6.60,35
9,Oat Bar,No description,$3.40,35
10,Triple Berry Crumble Bar,No description,$5.70,35
11,Date Bar,No description,$5.70,35
12,Oat Fudge Bar,No description,$5.50,35
13,Lemon Bar,No description,$5.70,35
14,Granola Bar,No description,$4.40,35
15,Chewy Marshmallow Bar,No description,$5.40,35
16,Lemon Poppy Seed Slice,No description,$7.00,35
17,Peanut Crunch Bar,No description,$6.80,35
18,Vegan Quinoa Date Bar,No description,$6.80,35
19,Turmeric Latte,No description,$6.40,35
0,6. Vermicelli & Spring Rolls,No description,$18.50,36
1,4. Subviet,No description,$12.00,36
2,2. Salad Rolls,No description,$13.50,36
3,9. Pho,No description,$18.00,36
4,7. Rice Dish,No description,$17.00,36
5,3. Saigon Pork Spring Rolls,No description,$13.50,36
6,8. Spicy Lemongrass Beef Noodle Soup,No description,$20.00,36
7,5. Lemongrass Vermicelli,No description,$18.50,36
8,1. Salad Bowl,No description,$17.50,36
9,11. Chicken Rice Noodle Soup,No description,$19.00,36
10,16. Coconut Lemongrass Curry,No description,$20.00,36
11,"36. Beef, Prawns & Chicken Tossed Noodle",No description,$21.00,36
12,14. Hot & Sour Chicken Rice Noodle Soup,No description,$19.00,36
13,13. Hot & Sour Prawns Rice Noodle Soup,No description,$19.00,36
14,10. Prawns Rice Noodle Soup,No description,$19.00,36
15,33. Prawns & Chicken Tossed Noodle,No description,$19.00,36
16,12. Tofu & Vegetable Rice Noodle Soup,No description,$19.00,36
17,35. Beef & Prawns Tossed Noodle,No description,$19.00,36
18,32. Prawns & Veggie Tossed Noodle,No description,$19.00,36
19,31. Tossed Noodle Bowl,No description,$17.00,36
0,Classic Breakfast,No description,$18.50,37
1,Threesome,No description,$22.00,37
2,Traditional Benny,No description,$21.00,37
3,Soul In A Bowl Poutine,No description,$21.50,37
4,Gold Digga Poutine,No description,$25.00,37
5,Chasing Chickens Poutine,No description,$21.50,37
6,Confit De Canard Poutine,No description,$23.00,37
7,Meatless To Say Poutine,No description,$21.50,37
8,A-Lott A-Laks Poutine,No description,$25.00,37
9,Artisan Bagel Sammy,No description,$20.00,37
10,Chia Seed Pudding,No description,$17.00,37
11,"Avocado One Toast, You Toast",No description,$17.00,37
12,Side Deep Fried Pierogies,No description,$13.00,37
13,Scrambled Crepe,No description,$20.00,37
14,Huevos In' Na Burrito,No description,$20.00,37
15,Double Trouble,No description,$21.00,37
16,Croque Madame Crostini,No description,$25.00,37
17,Farmer John's Delight,No description,$22.50,37
18,Veggie Primavera,No description,$22.00,37
19,Belgian Waffle,No description,$17.00,37
0,Healthy Start,No description,$22.00,38
1,Pico Hash,No description,$26.00,38
2,Village Latkes,No description,$20.00,38
3,Citizen Sandwich,No description,$22.00,38
4,Red Barn Benny,No description,$25.00,38
5,Westcoast Benny,No description,$25.00,38
6,Big Al Benny,No description,$25.00,38
7,Italian Benny,No description,$25.00,38
8,Estevan 2.0,No description,$22.00,38
9,Soup and Salad,No description,$20.00,38
10,Camwich,No description,$22.00,38
11,Village BLT,No description,$22.00,38
12,Bagel and Lox,No description,$25.00,38
13,Village Salad,No description,$20.00,38
14,Latte,No description,$6.00,38
15,Chai Latte,No description,$6.00,38
16,Mocha,No description,$6.50,38
17,Matcha,No description,$6.00,38
18,Drip Coffee,No description,$3.75,38
19,Cappuccino,No description,$5.50,38
0,Salmon Nigiri (6 pcs),No description,$7.99,40
1,Tuna Nigiri (6 pcs),No description,$7.99,40
2,Eel Nigiri (6 pcs),No description,$7.99,40
3,Shrimp Nigiri (6 pcs),No description,$7.99,40
4,Tempura Shrimp Dynamite Roll (12 pcs),No description,$7.99,40
5,California Roll (12 pcs),No description,$6.79,40
6,B.C Roll (12 pcs),No description,$7.99,40
7,Tuna Hawaiian Roll (12 pcs),No description,$9.99,40
8,Teriyaki Chicken Roll (12 pcs),No description,$7.99,40
9,Real Crab Roll (12 pcs),No description,$8.49,40
10,Hybrid Dragon Roll (12 pcs),No description,$9.99,40
11,Yam Roll (12 pcs),No description,$6.79,40
12,Japanese Tamagoyaki Roll,No description,$6.79,40
13,Avocado Roll (12 pcs),No description,$6.79,40
14,Scallop Hawaiian Roll (12 pcs),No description,$10.99,40
15,Cucumber Roll (12 pcs),No description,$6.79,40
16,Can Coke,No description,$1.75,40
17,500ml Coca-Cola,No description,$2.75,40
18,500ml Ginger Ale,No description,$2.75,40
19,500ml NESTEA Tea,No description,$2.99,40
0,Killer Cheesy Hashbrowns,No description,$3.50,42
1,Breakfast Bagel,No description,$12.95,42
2,Ultimate Wrap,No description,$15.95,42
3,The Bro Nut,No description,$12.95,42
4,Breakfast Bowl,No description,$15.95,42
5,Bad Boy Bagel,No description,$14.95,42
6,Breakfast Wrap,No description,$15.95,42
7,Rhino Chaser Wrap,No description,$17.95,42
8,Buffalo Chicken Caesar Wrap,No description,$15.50,42
9,Roast Turkey and Bacon Wrap,No description,$15.50,42
10,Veggie Wrap,No description,$14.25,42
11,Burrito,No description,$15.50,42
12,Breakfast Bowl,No description,$15.95,42
13,Smoked Salmon Bowl,No description,$18.50,42
14,Spicy Tuna Bowl,No description,$18.50,42
15,Salad Bowl,No description,$13.95,42
16,Triple Grilled Cheese Sandwich,No description,$10.95,42
17,Rhino Cheese Steak Sandwich,No description,$14.95,42
18,Pesto Turkey Sandwich,No description,$14.95,42
19,BBQ Chicken Sandwich,No description,$14.95,42
0,Breakfast Croissant,No description,$7.50,43
1,House Special Sandwich,No description,$7.25,43
2,BLT Sandwich,No description,$7.95,43
3,Egg Muffins,No description,$7.95,43
4,Marcelo's Sandwich,No description,$7.95,43
5,Nutella Almond Croffle,No description,$7.95,43
6,Oreo Croffle,No description,$7.95,43
7,Mango Croissant,No description,$7.95,43
8,Muffin,No description,$3.00,43
9,Croissant,No description,$2.50,43
10,Grilled Cheese,No description,$6.95,43
11,Small Muffin,No description,$2.00,43
12,Scone,No description,$4.50,43
13,Chocolate Bubble Tea,No description,$5.50,43
14,Matcha Bubble Tea,No description,$5.75,43
15,Milk Tea Bubble Tea,No description,$5.50,43
16,Coconut Milk Bubble Tea,No description,$5.50,43
17,Taro Bubble Tea,No description,$5.75,43
18,Honeydew Bubble Tea,No description,$5.50,43
19,Cookies & Cream Bubble Tea,No description,$5.75,43
0,Cheese Fatayer,No description,$8.75,44
1,Zaatar Manakeesh,No description,$7.79,44
2,Olive Fatayer,No description,$7.25,44
3,Muhamara Manakeesh,No description,$7.25,44
4,Soda,No description,$2.50,44
5,Syriana Signature Tea,No description,$3.75,44
6,London Fog Tea,No description,$4.75,44
7,Syriana Arabic Coffee,No description,$3.75,44
8,Latte,No description,$5.25,44
9,Coffee,No description,$3.50,44
10,Espresso,No description,$2.75,44
11,Baklava,No description,$4.75,44
12,Falafel Bowl,No description,$15.50,44
13,Lentil (Mujaddara),No description,$15.50,44
14,Rice and Meat,No description,$18.50,44
15,Rice and Meat Combo,No description,$22.50,44
16,Family BBQ Meal,No description,$64.50,44
17,Chicken Shawarma,No description,$17.50,44
18,Falafel,No description,$15.50,44
0,Cookies & Cream Booster Ball,No description,$3.11,45
1,Watermelon Wave (Regular Size),No description,$9.82,45
2,Watermelon Wave (Snack Size),No description,$6.66,45
3,Watermelon Explosion (Regular Size),No description,$9.82,45
4,Watermelon Explosion (Snack Size),No description,$6.66,45
5,Mango Teazer,No description,$5.64,45
6,Berry Teazer,No description,$5.64,45
7,Almighty Acai,No description,$6.77,45
8,Oranges & Cream,No description,$9.03,45
9,"Game, Set, Matcha",No description,$6.77,45
10,Mango Hurricane (Regular Size),No description,$9.03,45
11,Strawberry Sunshine (Regular Size),No description,$9.03,45
12,Tropical Tornado (Regular Size),No description,$9.03,45
13,Very Berry (Regular Size),No description,$9.03,45
14,Strawberry Sunshine (Snack Size),No description,$6.32,45
15,Mango Hurricane (Snack Size),No description,$6.32,45
16,Very Berry (Snack Size),No description,$6.32,45
17,Tropical Tornado (Snack Size),No description,$6.32,45
18,Pirate's Nectar (Regular Size),No description,$9.03,45
19,Pirate's Nectar (Snack Size),No description,$6.32,45
0,Orange Blossom & Ruby Grapefruit Tea,No description,$5.59,47
1,Grapefruit & Cucumber Spritzer,No description,$5.59,47
2,Butterfly Pea Flower Lemonade,No description,$5.59,47
3,Cold Brew with Coconut Cold Foam,No description,$6.22,47
4,"Seasonal Coffee, Tzo Tzo, Mexico",No description,$19.95,47
5,Ham & Cheddar Breakfast Bake,No description,$5.33,47
6,Fiesta Breakfast Burrito,No description,$7.23,47
7,Vegetarian Breakfast Panini,No description,$7.12,47
8,Bacon Breakfast Panini,No description,$7.65,47
9,Power Breakfast Bowl,No description,$10.66,47
10,Italian Deli Panini,No description,$11.18,47
11,Classic Steak Panini,No description,$11.18,47
12,Canadian Maple Chicken Wrap,No description,$10.13,47
13,Tuscan Tunawich,No description,$10.13,47
14,Old School Egg Salad,No description,$8.86,47
15,Margherita Sandwich,No description,$11.18,47
16,Savoury Treat,No description,$8.28,47
17,Berry & White Chocolate Scone,No description,$3.96,47
18,Very Berry Bran Muffin,No description,$3.59,47
19,Pumpkin Muffin,No description,$3.59,47
0,Meal Bundle for 2,No description,$22.29,49
1,Family Bundle (serves 12+),No description,$46.79,49
2,Paper Delivery Bag,No description,$0.39,49
3,Original Blend Coffee,No description,$1.99,49
4,Dark Roast Coffee,No description,$1.99,49
5,Decaf Coffee,No description,$1.99,49
6,Steeped Tea,No description,$2.19,49
7,Specialty Tea - Small & Medium,No description,$2.19,49
8,Specialty Tea - Large & Extra Large,No description,$2.79,49
9,400g Original Blend Coffee Bag,No description,$15.59,49
10,400g Dark Roast Coffee Bag,No description,$15.59,49
11,Latte,No description,$3.89,49
12,Mocha Latte,No description,$4.39,49
13,London Fog,No description,$3.99,49
14,French Vanilla,No description,$3.49,49
15,Hot Chocolate,No description,$2.79,49
16,White Hot Chocolate,No description,$2.79,49
17,Espresso Shot,No description,$2.09,49
18,Americano,No description,$2.79,49
19,Coffee Mocha,No description,$2.79,49
0,Porchetta,No description,$16.95,50
1,Salami,No description,$14.95,50
2,La Bestia,No description,$15.95,50
3,Prosciutto,No description,$16.95,50
4,Pollo,No description,$15.95,50
5,Leoncini Ham,No description,$16.95,50
6,Truffle,No description,$16.95,50
7,Roast Beef,No description,$16.95,50
8,Verdure (Vegetarian),No description,$13.95,50
9,Vegano (Vegan),No description,$15.95,50
10,Caprese,No description,$16.95,50
11,Bambini (Basic),No description,$7.95,50
12,Porchetta,No description,$16.95,50
13,Pollo,No description,$15.95,50
14,La Bestia,No description,$15.95,50
15,Leoncini Ham,No description,$16.95,50
16,Salami,No description,$14.95,50
17,Prosciutto,No description,$16.95,50
18,Truffle,No description,$16.95,50
19,Roast Beef,No description,$16.95,50
0,"Your Pizza Your Way Pizza (12"") (Medium)",No description,$13.75,52
1,"Your Pizza Your Way Pizza (16"") (Extra-Large)",No description,$23.75,52
2,"Tandoori Chicken Pizza (12"") (Medium)",No description,$18.75,52
3,"Double Pepperoni Pizza (12"") (Medium)",No description,$18.75,52
4,"Not So Hawaiian Pizza (12"") (Medium)",No description,$18.75,52
5,"Veggie Garden Pizza (12"") (Medium)",No description,$18.75,52
6,"Loaded Pizza (12"") (Medium)",No description,$18.75,52
7,"Meat Lovers Pizza (12"") (Medium)",No description,$18.75,52
8,"The Canuck Pizza (12"") (Medium)",No description,$18.75,52
9,"The Islander Pizza (12"") (Medium)",No description,$18.75,52
10,"Pesto Chicken Pizza (12"") (Medium)",No description,$18.75,52
11,"BBQ Chicken Pizza (12"") (Medium)",No description,$18.75,52
12,"Spicy Tandoori Pizza (12"") (Medium)",No description,$18.75,52
13,"Butter Chicken Pizza (12"") (Medium)",No description,$18.75,52
14,"The Greek Pizza (12"") (Medium)",No description,$18.75,52
15,"Desi Veggie Pizza (12"") (Medium)",No description,$18.75,52
16,"Tandoori Paneer Pizza (12"") (Medium)",No description,$18.75,52
17,"Shahi Paneer Pizza (12"") (Medium)",No description,$18.75,52
18,"Beyond Veggie Pizza (12"") (Medium)",No description,$18.75,52
19,"Mexican Chicken Taco (12"")",No description,$18.75,52
0,Spanakopita,No description,$8.00,53
1,Bougatsa,No description,$8.00,53
2,Tiropita,No description,$8.00,53
3,Gyros,No description,$12.75,53
4,Falafel wrap,No description,$11.75,53
5,Chicken wrap,No description,$12.75,53
6,Pork wrap,No description,$12.75,53
7,Vegetarian wrap,No description,$11.75,53
8,Pork skewers,No description,$12.75,53
9,Chicken Skewers,No description,$12.75,53
10,Bougatsa,No description,$8.00,53
11,Yogurt cake,No description,$4.50,53
12,Veggie platter,No description,$21.00,53
13,Lamb platter,No description,$28.00,53
14,Dakos salad,No description,$11.00,53
15,Greek salad,No description,$11.00,53
16,Dolmades,No description,$12.00,53
17,Hummus,No description,$8.50,53
18,Lemon potatoes,No description,$9.00,53
19,Lentil soup,No description,$5.00,53
0,Egg Salad Sandwich,No description,$9.15,54
1,Bacon Breakfast Bagel,No description,$8.25,54
2,English Muffin Eggwich,No description,$6.95,54
3,Ham Breakfast Bagel,No description,$8.15,54
4,Sausage Breakfast Bagel,No description,$8.25,54
5,Tuna Salad Sandwich,No description,$9.15,54
6,Protein Power Wrap,No description,$9.60,54
7,Lumberjack Wrap,No description,$9.20,54
8,BBQ Chicken Calzone,No description,$9.90,54
9,Classic Italian Calzone,No description,$9.90,54
10,Sausage Rolls,No description,$4.90,54
11,Veggie Samosa,No description,$6.60,54
12,Lemon Bar,No description,$5.70,54
13,Brownie,No description,$5.70,54
14,Oat Bar,No description,$3.40,54
15,Date Bar,No description,$5.70,54
16,Peanut Crunch Bar,No description,$6.80,54
17,Lemon Poppy Seed Slice,No description,$7.00,54
18,Peppermint Nanaimo Bar,No description,$6.30,54
19,Hello Dolly Bar,No description,$6.00,54
0,4 Tenders,No description,$9.99,56
1,6 Tenders,No description,$12.99,56
2,12 Tenders,No description,$22.00,56
3,12 Tenders Combo,No description,$27.50,56
4,6 Wings,No description,$10.49,56
5,10 Wings,No description,$14.99,56
6,16 Wings,No description,$21.00,56
7,8 Boneless Wings,No description,$10.49,56
8,12 Boneless Wings,No description,$14.99,56
9,24 Boneless Wings,No description,$21.00,56
10,Blackened Cajun Cheddar,No description,$11.49,56
11,Classic Grilled Chicken,No description,$10.99,56
12,Red Hot Chicken,No description,$10.99,56
13,Crispy Southern Filet,No description,$10.99,56
14,Bbq Bc Chicken,No description,$11.49,56
15,Bbq Bc Chicken Combo,No description,$17.48,56
16,Chicken Crisper,No description,$10.61,56
17,Veggie Burger,No description,$9.49,56
18,Impossible Fatburger Meal,No description,$17.58,56
19,Impossible Fatburger,No description,$11.59,56
0,Burrito,No description,$15.75,59
1,Street Tacos,No description,$17.00,59
2,Quesadilla,No description,$19.00,59
3,Burrito Bowl,No description,$19.00,59
4,Keto Street Taco,No description,$10.50,59
5,Keto Burrito Bowl,No description,$20.00,59
6,Crispy Burrito,No description,$19.00,59
7,Plain Fries,No description,$9.50,59
8,Mexi Fries,No description,$13.50,59
9,Loaded Mexi Fries,No description,$19.00,59
10,Ice Cream Burrito,No description,$11.00,59
11,Breakfast Bagel,No description,$12.25,59
12,Breakfast Burrito,No description,$15.75,59
0,Bellagio Breakfast Panini,No description,$14.75,60
1,Pesto Benny,No description,$18.75,60
2,Cinnamon French Toast,No description,$18.75,60
3,Hungarian Crepes,No description,$18.75,60
4,French Baked Eggs,No description,$18.75,60
5,Peter's Poached Eggs,No description,$14.75,60
6,Soup and Sandwich Combos,No description,$17.75,60
7,Toscano Panini,No description,$13.75,60
8,Roma Panini,No description,$13.75,60
9,Vienna Panini,No description,$13.75,60
10,Versaille Panini,No description,$13.75,60
11,Latte,No description,$4.75,60
12,Chai Tea Latte,No description,$4.75,60
13,Cappuccino,No description,$4.75,60
14,Fresh-Brewed Coffee,No description,$2.75,60
15,Mocha,No description,$4.75,60
16,London Fog,No description,$4.25,60
17,Milkshakes,No description,$8.75,60
18,Tea,No description,$3.75,60
19,Americano,No description,$3.50,60
0,Egg Salad Sandwich,No description,$9.15,62
1,Bacon Breakfast Bagel Sandwich,No description,$8.25,62
2,English Muffin Eggwich Sandwich,No description,$6.95,62
3,Ham Breakfast Bagel Sandwich,No description,$8.15,62
4,Lumberjack Wrap,No description,$9.20,62
5,Veggie Samosa,No description,$6.60,62
6,Lemon Bar,No description,$5.70,62
7,Brownie,No description,$5.70,62
8,Oat Bar,No description,$3.40,62
9,Oat Fudge Bar,No description,$5.50,62
10,Date Bar,No description,$5.70,62
11,Granola Bar,No description,$4.40,62
12,Peanut Crunch Bar,No description,$6.80,62
13,Lemon Poppy Seed Slice,No description,$7.00,62
14,Chewy Marshmallow Bar,No description,$5.40,62
15,Chai Latte,No description,$5.80,62
16,Standard London Fog,No description,$5.85,62
17,Stone Ground London Fog,No description,$5.85,62
18,Stone Ground Chai Latte,No description,$5.80,62
19,Turmeric Latte,No description,$6.40,62
0,Butter Chicken Curry Poutine,No description,$17.50,64
1,Tibetan Momos,No description,$14.36,64
2,Chicken Wings,No description,$15.63,64
3,Goat Cheese Salad,No description,$13.75,64
4,Hummus and Naan,No description,$16.88,64
5,Deep Fried Pickles,No description,$13.00,64
6,French Fries,No description,$11.88,64
7,Chicken Strips,No description,$24.00,64
8,Creamy Pesto Pasta,No description,$26.88,64
9,The Curry Plate,No description,$29.00,64
10,Butter Chicken Curry,No description,$28.75,64
11,Thunder Spaghetti,No description,$26.88,64
12,Ginger Cilantro Sticky Rice,No description,$26.25,64
13,Chana Masala Curry,No description,$22.50,64
14,Lamb Curry,No description,$27.00,64
15,Spinach Paneer Curry,No description,$23.00,64
16,Garlic Naan,No description,$3.50,64
17,Naan,No description,$3.00,64
18,Side Rice,No description,$3.25,64
19,Spicy Asian BBQ Sauce,No description,$0.75,64
0,3.Meat Lover,No description,$17.99,65
1,7.Tandoori Chicken Pizza,No description,$17.99,65
2,12.Punjabi Flame Chicken Pizza,No description,$17.99,65
3,9.Sicily Pizza,No description,$17.99,65
4,2.Super Supreme,No description,$17.99,65
5,18.Pesto Chicken,No description,$17.99,65
6,5.Canadian Hawaiian,No description,$17.99,65
7,14.Butter Chicken,No description,$17.99,65
8,24.Blue Cheese And Bacon,No description,$17.99,65
9,6.Cheeseburger Pizza,No description,$17.99,65
10,38.Chicken Bacon Ranch,No description,$17.99,65
11,10.Flamming Hot,No description,$17.99,65
12,25.Ricotta Chicken,No description,$17.99,65
13,1.Canadian Fanbase,No description,$17.99,65
14,4.The Greek Style,No description,$17.99,65
15,40.Everything Meat,No description,$21.99,65
16,37.BBQ Chicken Hawaiian,No description,$17.99,65
17,31.Southwest Chicken Pizza,No description,$17.99,65
18,39.Jamaican Jerk Chicken Pizza,No description,$17.99,65
19,34.Mexican Beef N'corn,No description,$17.99,65
0,Spicy Salmon,No description,$18.95,66
1,Island Bowl,No description,$18.95,66
2,BC Bowl,No description,$20.95,66
3,CRUNCHii,No description,$18.95,66
4,Ohana,No description,$18.95,66
5,Earth - Vegetarian,No description,$18.95,66
6,BYO Regular,No description,$18.95,66
7,BYO Large,No description,$20.95,66
8,Coca Cola,No description,$3.50,66
9,Diet Coke,No description,$3.50,66
10,Ginger Ale,No description,$3.50,66
11,Coconut Water,No description,$4.95,66
12,Kombucha - Mango,No description,$5.95,66
13,Bottled Water,No description,$3.50,66
14,Kombucha - Passion Fruit,No description,$5.95,66
0,ANY 3-4 TOPPINGS,No description,$16.99,67
1,ANY 2 TOPPINGS,No description,$15.99,67
2,CLASSIC 1 SLICE,No description,Priced by add-ons,67
3,CLASSIC 8 SLICES,No description,$23.74,67
4,FEAST 1 SLICE,No description,Priced by add-ons,67
5,FEAST 8 SLICES,No description,$28.74,67
6,2 SLICE COMBO,No description,$9.06,67
7,3 SLICE COMBO,No description,$11.88,67
8,ANY 2 TOPPINGS,No description,$15.99,67
9,ANY 3-4 TOPPINGS,No description,$16.99,67
10,UNLIMITED TOPPINGS,No description,$17.99,67
11,CHEESE WITH WHITE SAUCE,No description,$15.99,67
12,CHEESE WITH TOMATO SAUCE,No description,$15.99,67
13,PEPPERONI,No description,$15.99,67
14,BEEF,No description,$15.99,67
15,HAWAIIAN,No description,$15.99,67
16,BACON & MUSHROOM,No description,$15.99,67
17,VEGGIE CLASSIC,No description,$15.99,67
18,HALF & HALF CLASSIC PIZZA,No description,$15.99,67
19,BBQ CHICKEN BACON FEAST,No description,$16.99,67
0,4. Deep-Fried Spring Rolls (3 pcs),No description,$12.00,68
1,1. Salad Roll (2 pcs),No description,$12.00,68
2,3. Grilled Pork Patties (2 pcs),No description,$12.00,68
3,7. Deep-Fried Wontons,No description,$12.00,68
4,11. Special Vietnamese Crepe,No description,$17.00,68
5,9. Fried Chicken Wings,No description,$15.00,68
6,5. Fresh Spring Rolls (2 pcs),No description,$12.00,68
7,8. Deep-Fried Prawns,No description,$12.00,68
8,6. Deep-Fried Tofu,No description,$12.00,68
9,2. Shredded Pork (2 pcs),No description,$12.00,68
10,12. Crispy Turmeric Prawn Cakes,No description,$17.00,68
11,14. Green Papaya Salad,No description,$20.00,68
12,15. Beef // Chicken Salad,No description,$20.00,68
13,16. Fresh Mango Salad,No description,$20.00,68
14,31. Spicy Beef Noodle Soup,No description,$21.00,68
15,17. Special Beef Noodle Soup,No description,$21.00,68
16,29. Chicken Pho,No description,$19.00,68
17,19. Rare Steak and Brisket Pho,No description,$19.00,68
18,18. Sliced Rare Steak Pho,No description,$19.00,68
19,28. Brisket Pho,No description,$19.00,68
0,Chicken Fried Wings 6pcs,No description,$15.99,69
1,Hi Five Classic,No description,$12.99,69
2,Korean Chicken Sandwich,No description,$8.99,69
3,Korean Chicken Sandwich Combo,No description,$13.99,69
4,Kickin' Chicken Pie,No description,$2.39,69
5,Mac 'n' Cheese,No description,$7.99,69
6,Canuck Poutine,No description,$8.29,69
7,Jalapeno Jack Poppers,No description,$7.99,69
8,Onion Rings,No description,$7.99,69
9,Fried Drumsticks (3 pcs),No description,$13.99,69
10,Drumsticks  (5 pcs),No description,$16.99,69
11,Chicken (3 Pcs),No description,$14.79,69
12,Chicken,No description,$10.49,69
13,Chicken Thigh (1 pc),No description,$5.99,69
14,Chicken Leg (1 pc),No description,$4.79,69
15,Chicken Breast (1 pc),No description,$5.99,69
16,Chicken (2 pcs),No description,$10.49,69
17,2 pc Chicken Meal,No description,$15.49,69
18,3 pc Chicken Meal,No description,$19.79,69
19,4 pc Chicken Meal,No description,$22.99,69
0,Number of Plastic Cutlery,No description,$0.27,70
1,Platter for Two,No description,$60.50,70
2,Platter for Four,No description,$110.00,70
3,Chef's Choice Platter,No description,$59.40,70
4,Vegetarian Platter,No description,$64.90,70
5,Mom's Platter,No description,$59.40,70
6,Mom's Samosas,No description,$9.62,70
7,Vegetarian Pakora,No description,$8.74,70
8,Chilli Chicken,No description,$18.64,70
9,Varsha's Butter Chicken Poutine,No description,$17.54,70
10,Cauliflower 250,No description,$15.40,70
11,Varsha's Naan Bread,No description,$9.07,70
12,Masala Fries,No description,$8.74,70
13,Varsha's Wings,No description,$16.44,70
14,Chicken Pakora,No description,$12.65,70
15,Fish Pakora,No description,$12.65,70
16,Masala Fish and Chips,No description,$17.87,70
17,Butter Chicken Samosa,No description,$8.80,70
18,Paneer Pakora,No description,$12.10,70
19,Yam Fries,No description,$9.07,70
0,Pork Belly Dumplings,No description,$8.75,71
1,Homemade Peanut Sauce and Rice,No description,$5.75,71
2,Rice & Chili Oil,No description,$4.00,71
3,Classic Vegan Dumplings,No description,$8.75,71
4,Cucumber salad,No description,$5.50,71
5,Mango & Sticky Rice,No description,$6.75,71
6,Yuzu Brussels Sprouts,No description,$8.75,71
7,Crispy Chicken Baos,No description,$8.75,71
8,Special Dumplings (Shrimp & Chive),No description,$8.50,71
9,Aloe Vera Drink,No description,$3.00,71
10,Vita Lemon Tea Drink,No description,$2.75,71
11,Phillippine Brand Mango Juice Nectar,No description,$2.75,71
12,Philippine Brand Guava Juice Nectar,No description,$2.75,71
13,Coconut Water,No description,$2.50,71
14,Philippine Brand Guava Juice Nectar,No description,$2.50,71
15,Sanpellegrino Limonata,No description,$2.50,71
16,Bubly Water - Cherry,No description,$2.75,71
17,Coca-Cola,No description,$2.75,71
18,Sanpellegrino Aranciata Rossa,No description,$3.25,71
19,Frozen Vegan Triple Mushroom Dumplings,No description,$20.00,71
0,Yang Nyeom Chicken Sandwich,No description,$12.99,72
1,Drumsticks (3 pcs),No description,$13.99,72
2,2 Pc Chicken,No description,$10.49,72
3,3 Pc Chicken,No description,$14.79,72
4,4 Pc Chicken,No description,$17.99,72
5,Drumsticks (3 pcs),No description,$13.99,72
6,2 Pc Chicken Combo,No description,$15.49,72
7,3 Pc Chicken Combo,No description,$19.79,72
8,4 Pc Chicken Combo,No description,$22.99,72
9,8 Pc Chicken Combo,No description,$51.79,72
10,4 Pc Chicken Nuggets,No description,$9.99,72
11,8 Pc Chicken Nuggets,No description,$13.99,72
12,4 Pc Chicken Nuggets Combo,No description,$14.99,72
13,5 Pc Wings,No description,$11.79,72
14,10 Pc Wings,No description,$22.79,72
15,5 Wings Combo,No description,$16.79,72
16,Yang Nyeom Chicken Sandwich,No description,$12.99,72
17,White Onion Chicken Sandwich,No description,$12.99,72
18,Volcano Chicken Sandwich,No description,$12.99,72
19,Yang Nyeom Chicken Sandwich Combo,No description,$16.99,72
0,Samosa Chaat,No description,$8.79,73
1,Vegetable Samosa,No description,$6.05,73
2,Paneer Pakora,No description,$8.79,73
3,Vegetable Mix Pakora,No description,$7.69,73
4,Papadi Chaat,No description,$7.69,73
5,Aroma Special Snacks,No description,$12.09,73
6,Aloo Tikki Chaat,No description,$8.79,73
7,Onion Bhajia,No description,$7.15,73
8,Fish Pakora,No description,$10.99,73
9,Gobhi Garlic,No description,$8.79,73
10,Chicken Pakora,No description,$10.99,73
11,Prawns Pakora,No description,$13.19,73
12,Aroma Chicken Wings,No description,$10.99,73
13,Aroma Fresh Salad,No description,$7.69,73
14,Kachumber Salad,No description,$7.15,73
15,Lachha Onion Salad,No description,$3.85,73
16,Caesar Salad Vegetable,No description,$7.69,73
17,Caesar Salad Chicken,No description,$9.35,73
18,Dal Soup,No description,$4.39,73
19,Mulligtawny Soup,No description,$5.49,73
0,Paneer Tikka Roll,No description,$12.99,74
1,Malai Chaap Roll,No description,$12.99,74
2,Signature Jaipuri Roll,No description,$13.99,74
3,Chicken Tikka Roll,No description,$14.99,74
4,Signature Kolkata Murgh Roll,No description,$16.99,74
5,Chicken Malai Roll,No description,$14.99,74
6,Chicken Biryani,No description,$17.99,74
7,Veg Manchurian (Dry / Gravy),No description,$11.99,74
8,Veg Noodles,No description,$11.99,74
9,Burnt Garlic Fried Rice,No description,$9.99,74
10,Goat Biryani,No description,$19.99,74
11,Chicken Noodles,No description,$13.99,74
12,Signature Jackfruit Biryani,No description,$16.99,74
13,Fried Veg Momos (8 Pieces),No description,$14.99,74
14,Steamed Veg Momos ( 8 Pieces),No description,$12.99,74
15,Steamed Chicken Momos ( 8 Pieces),No description,$13.99,74
16,Fried Chicken Momos (8 Pieces),No description,$15.99,74
17,Mango Lassi,No description,$4.99,74
18,Fanta,No description,$2.99,74
19,Ginger Ale,No description,$2.99,74
0,H2. Sweet & Spicy Fish Hotpot Noodle 甜辣沸腾鱼吊锅粉,No description,$24.50,75
1,A10. Pickled Cabbage Fish noodle   酸菜鱼粉,No description,$24.50,75
2,H3.SPICY Szechuan Chicken hotpot noodleSpicy Szechuan Chicken hotpot noodle 干锅辣子鸡粉,No description,$24.50,75
3,H6.Mix vege Mushroom Soup hotpot noodle 漓江野菌吊锅粉,No description,$24.50,75
4,H4.Sour Cabbage Pork Belly hotpot noodle 酸菜白肉吊锅粉,No description,$24.50,75
5,A4. Dan Dan rice noodle 辣汁担担粉,No description,$16.95,75
6,A2. Guilin Hot & Sour Noodle 桂林酸辣粉,No description,$16.95,75
7,A1. Guilin Marinade Noodle 桂林米粉,No description,$16.95,75
8,A3. Momi Mixed rice noodle 葱油拌拌粉,No description,$16.95,75
9,A15. MOMI Fried rice noodle/rice  磨米特色炒粉/炒饭,No description,$18.95,75
10,A17.  Mapo tofu麻婆豆腐,No description,$16.95,75
11,A8. Beef briskets rice noodle  萝卜牛腩汤粉,No description,$18.95,75
12,A6. Wonton Soup rice noodle 金牌云吞汤粉,No description,$14.95,75
13,A7. pork knuckles rice noodle 卤香猪脚粉,No description,$18.95,75
14,A14. General Tso's Chicken  左宗棠鸡,No description,$18.95,75
15,A9. Sesame Oil Chicken Soup rice noodle        阿嬷麻油鸡粉,No description,$18.95,75
16,A11. sweet and sour pork rib酸甜咕噜肉,No description,$18.95,75
17,A5. Braisd Pork rice noodle 油葱卤肉粉,No description,$16.95,75
18,A13. Saute chicken in hot sauce 湘西土匪鸡,No description,$18.95,75
19,A18. Curry Chicken with Potato咖喱鸡肉,No description,$18.95,75
0,Bread Sticks,No description,$5.99,76
1,"Garlic Chicken Pizza (10"" Small)",No description,$15.99,76
2,"Southwest Hawaiian Pizza (10"" Small)",No description,$15.99,76
3,"Bacon Cheeseburger Pizza (10"" Small)",No description,$15.99,76
4,"BBQ Chicken Pizza (10"" Small)",No description,$15.99,76
5,"Chicken Pesto Pizza (10"" Small)",No description,$15.99,76
6,"Super Hawaiian Pizza (10"" Small)",No description,$15.99,76
7,"Deluxe Pizza (10"" Small)",No description,$15.99,76
8,"Supreme Pizza (10"" Small)",No description,$15.99,76
9,"Pesto Fiesta Pizza (10"" Small)",No description,$15.99,76
10,"House Pizza (10"" Small)",No description,$15.99,76
11,"Butter Chicken Pizza (10"" Small)",No description,$15.99,76
12,Tandoori Chicken Gourmet Pizza (Small),No description,$15.99,76
13,"Mexican Pizza (10"" Small)",No description,$15.99,76
14,"Garlic Lovers Pizza (10"" Small)",No description,$15.99,76
15,"Meat Lovers Pizza (10"" Small)",No description,$15.99,76
16,"Canadian Pizza (10"" Small)",No description,$15.99,76
17,Super  Veggie Gourmet Pizza (Small),No description,$15.99,76
18,"Pepperoni Feast Pizza (12"" Medium)",No description,$17.99,76
19,"Butter Chicken Pizza (12"" Medium)",No description,$17.99,76
0,Avocado Green salad,No description,$17.00,77
1,Tuna Tataki Salad,No description,$20.00,77
2,Pacific Sashimi Salad,No description,$21.00,77
3,Egg & Potato Salad,No description,$12.00,77
4,Wild Salmon Sashimi (2 pcs),No description,$8.50,77
5,Egg (Tamago) Sashimi (2 pcs),No description,$5.50,77
6,Tuna Sashimi (2 pcs),No description,$8.50,77
7,Tuna Belly (Toro) Sashimi (2 pcs),No description,$11.00,77
8,Octopus (Tako) Sashimi (2 pcs),No description,$8.50,77
9,Yellowtail (Hamachi) Sashimi (2 pcs),No description,$12.00,77
10,Spot Prawn (Ama Ebi) Sashimi (2 pcs),No description,$12.00,77
11,Mackerel (Saba) Sashimi (2 pcs),No description,$7.50,77
12,Ponzu Tuna Tataki Sashimi (2 pcs),No description,$10.00,77
13,Scallop (Hotate) Sashimi (2 pcs),No description,$10.00,77
14,Wild Salmon Nigiri (2 pcs),No description,$8.50,77
15,Tuna Nigiri (2 pcs),No description,$8.50,77
16,Egg (Tamago) Nigiri (2 pcs),No description,$5.50,77
17,Octopus (Tako) Nigiri (2 pcs),No description,$8.50,77
18,Baby Scallop Nigiri (2 pcs),No description,$7.50,77
19,Mackerel (Saba) Nigiri (2 pcs),No description,$7.50,77
0,Lamb Shish Platter,No description,$24.50,78
1,Lamb Shish Sandwich,No description,$21.50,78
2,Lamb Shish Wrap,No description,$21.50,78
3,Family Size Doner Meal,No description,$54.75,78
4,Family Size Kofteh Meal,No description,$54.75,78
5,Delight's Family Special,No description,$59.75,78
6,Family Special Wrap Meal,No description,$54.75,78
7,Double Pistachio Baklava (per/piece),No description,$1.75,78
8,Sobiyet Baklava (per piece),No description,$1.75,78
9,Pistachio Filled Mussel Shape Baklava (per piece),No description,$1.75,78
10,Pistachio-filled Kadayif (per piece),No description,$3.50,78
11,3 pcs Double Pistachio Baklava (3 Pieces),No description,$5.25,78
12,3 pcs Pistachio Mussel Shaped Baklava (3 pieces),No description,$5.25,78
13,3 pcs Pistachio Filled Kadayif (3 Piece),No description,$10.50,78
14,3 pcs Sobiyet Baklava (3 pieces),No description,$5.25,78
15,Pistachio Roll Baklava (one piece),No description,$1.75,78
16,3 pcs Pistachio Roll Baklava (3 pieces),No description,$5.25,78
17,3 pcs Walnut Roll Baklava (3 pieces),No description,$5.25,78
18,Walnut Roll Baklava (one piece),No description,$1.75,78
19,1 Kilo Frozen Kofteh (Chevabi),No description,$44.75,78
0,6 Assorted Donuts,No description,$17.50,79
1,12 Assorted Donuts,No description,$30.00,79
